bundle_id,question_source_id,correct_image_source_id,mismatched_image_source_id,mismatched_image_path,mismatch_reviewed,review_notes
mmvp_w3_001,1,1,162,data/mmvp/MMVP Images/162.jpg,yes,Student A reviewed contact sheet; mismatched image appears unrelated to the question.
mmvp_w3_002,21,21,183,data/mmvp/MMVP Images/183.jpg,yes,Student A reviewed contact sheet; mismatched image appears unrelated to the question.
mmvp_w3_003,41,41,202,data/mmvp/MMVP Images/202.jpg,yes,Student A reviewed contact sheet; mismatched image appears unrelated to the question.
mmvp_w3_004,61,61,221,data/mmvp/MMVP Images/221.jpg,yes,Student A reviewed contact sheet; mismatched image appears unrelated to the question.
mmvp_w3_005,82,82,241,data/mmvp/MMVP Images/241.jpg,yes,Student A reviewed contact sheet; mismatched image appears unrelated to the question.
mmvp_w3_006,102,102,260,data/mmvp/MMVP Images/260.jpg,yes,Student A reviewed contact sheet; mismatched image appears unrelated to the question.
mmvp_w3_007,123,123,280,data/mmvp/MMVP Images/280.jpg,yes,Student A reviewed contact sheet; mismatched image appears unrelated to the question.
mmvp_w3_008,143,143,300,data/mmvp/MMVP Images/300.jpg,yes,Student A reviewed contact sheet; mismatched image appears unrelated to the question.
mmvp_w3_009,162,162,1,data/mmvp/MMVP Images/1.jpg,yes,Student A reviewed contact sheet; mismatched image appears unrelated to the question.
mmvp_w3_010,183,183,21,data/mmvp/MMVP Images/21.jpg,yes,Student A reviewed contact sheet; mismatched image appears unrelated to the question.
mmvp_w3_011,202,202,41,data/mmvp/MMVP Images/41.jpg,yes,Student A reviewed contact sheet; mismatched image appears unrelated to the question.
mmvp_w3_012,221,221,61,data/mmvp/MMVP Images/61.jpg,yes,Student A reviewed contact sheet; mismatched image appears unrelated to the question.
mmvp_w3_013,241,241,82,data/mmvp/MMVP Images/82.jpg,yes,Student A reviewed contact sheet; mismatched image appears unrelated to the question.
mmvp_w3_014,260,260,102,data/mmvp/MMVP Images/102.jpg,yes,Student A reviewed contact sheet; mismatched image appears unrelated to the question.
mmvp_w3_015,280,280,123,data/mmvp/MMVP Images/123.jpg,yes,Student A reviewed contact sheet; mismatched image appears unrelated to the question.
mmvp_w3_016,300,300,143,data/mmvp/MMVP Images/143.jpg,yes,Student A reviewed contact sheet; mismatched image appears unrelated to the question.
